Date,QBTS,SOFI,SPY
2021-06-01,9.8100004196167,22.649999618530273,390.95745849609375
2021-06-02,9.880000114440918,23.209999084472656,391.5722351074219
2021-06-03,9.880000114440918,22.68000030517578,390.1189880371094
2021-06-04,9.869999885559082,20.81999969482422,393.68707275390625
2021-06-07,9.869999885559082,21.209999084472656,393.30499267578125
2021-06-08,9.899999618530273,23.889999389648438,393.3889465332031
2021-06-09,9.930000305175781,22.709999084472656,392.8020324707031
2021-06-10,9.90999984741211,23.020000457763672,394.6278381347656
2021-06-11,9.90999984741211,22.399999618530273,395.28009033203125
2021-06-14,9.90999984741211,21.81999969482422,396.16497802734375
2021-06-15,9.90999984741211,20.799999237060547,395.4383239746094
2021-06-16,9.90999984741211,21.829999923706055,393.23052978515625
2021-06-17,9.90999984741211,22.700000762939453,393.1000671386719
2021-06-18,9.90999984741211,23.040000915527344,387.7970275878906
2021-06-21,9.90999984741211,22.510000228881836,393.3486022949219
2021-06-22,9.90999984741211,21.200000762939453,395.45159912109375
2021-06-23,9.90999984741211,21.399999618530273,394.9750061035156
2021-06-24,9.890000343322754,20.8700008392334,397.3115234375
2021-06-25,9.890000343322754,18.5,398.7228088378906
2021-06-28,9.890000343322754,19.260000228881836,399.52655029296875
2021-06-29,9.880000114440918,18.8700008392334,399.7415771484375
2021-06-30,9.880000114440918,19.170000076293945,400.0780029296875
2021-07-01,9.880000114440918,18.25,402.2931823730469
2021-07-02,9.880000114440918,18.079999923706055,405.3680419921875
2021-07-06,9.880000114440918,17.350000381469727,404.6297302246094
2021-07-07,9.880000114440918,16.940000534057617,406.05963134765625
2021-07-08,9.880000114440918,16.6200008392334,402.7511291503906
2021-07-09,9.880000114440918,16.450000762939453,407.05035400390625
2021-07-12,9.869999885559082,16.420000076293945,408.50848388671875
2021-07-13,9.869999885559082,16.0,407.1158142089844
2021-07-14,9.869999885559082,15.520000457763672,407.7232971191406
2021-07-15,9.859999656677246,15.989999771118164,406.3307189941406
2021-07-16,9.84000015258789,15.300000190734863,403.1436767578125
2021-07-19,9.859999656677246,15.170000076293945,397.1900329589844
2021-07-20,9.859999656677246,15.0600004196167,402.88189697265625
2021-07-21,9.869999885559082,16.559999465942383,406.1438293457031
2021-07-22,9.850000381469727,16.049999237060547,406.9943542480469
2021-07-23,9.850000381469727,15.699999809265137,411.1815185546875
2021-07-26,9.760000228881836,15.510000228881836,412.19085693359375
2021-07-27,9.84000015258789,14.920000076293945,410.312255859375
2021-07-28,9.800000190734863,15.369999885559082,410.1440124511719
2021-07-29,9.760000228881836,15.600000381469727,411.84503173828125
2021-07-30,9.75,15.4399995803833,409.8450012207031
2021-08-02,9.760000228881836,15.729999542236328,408.9851379394531
2021-08-03,9.75,15.109999656677246,412.3123474121094
2021-08-04,9.760000228881836,16.389999389648438,410.2841796875
2021-08-05,9.760000228881836,16.059999465942383,412.88250732421875
2021-08-06,9.760000228881836,16.709999084472656,413.5647277832031
2021-08-09,9.729999542236328,16.90999984741211,413.2283020019531
2021-08-10,9.729999542236328,16.989999771118164,413.74224853515625
2021-08-11,9.760000228881836,16.899999618530273,414.77044677734375
2021-08-12,9.739999771118164,17.459999084472656,416.01348876953125
2021-08-13,9.720000267028809,14.989999771118164,416.7705383300781
2021-08-16,9.6899995803833,14.289999961853027,417.75189208984375
2021-08-17,9.710000038146973,13.75,415.0134582519531
2021-08-18,9.670000076293945,14.220000267028809,410.47113037109375
2021-08-19,9.720000267028809,13.819999694824219,411.10662841796875
2021-08-20,9.699999809265137,14.039999961853027,414.3778381347656
2021-08-23,9.699999809265137,14.430000305175781,418.0229797363281
2021-08-24,9.699999809265137,14.760000228881836,418.6865539550781
2021-08-25,9.699999809265137,14.850000381469727,419.56500244140625
2021-08-26,9.720000267028809,14.359999656677246,417.0882873535156
2021-08-27,9.729999542236328,14.039999961853027,420.8175048828125
2021-08-30,9.729999542236328,14.1899995803833,422.6680908203125
2021-08-31,9.770000457763672,14.180000305175781,422.04193115234375
2021-09-01,9.789999961853027,14.569999694824219,422.26611328125
2021-09-02,9.770000457763672,15.0600004196167,423.56536865234375
2021-09-03,9.770000457763672,15.15999984741211,423.4624938964844
2021-09-07,9.739999771118164,15.84000015258789,421.9483642578125
2021-09-08,9.75,15.470000267028809,421.434326171875
2021-09-09,9.760000228881836,15.6899995803833,419.6304626464844
2021-09-10,9.75,15.289999961853027,416.32196044921875
2021-09-13,9.770000457763672,15.010000228881836,417.3873596191406
2021-09-14,9.760000228881836,14.5,415.13494873046875
2021-09-15,9.760000228881836,15.449999809265137,418.6024169921875
2021-09-16,9.770000457763672,15.5,417.9388427734375
2021-09-17,9.770000457763672,15.09000015258789,413.86761474609375
2021-09-20,9.75,14.569999694824219,406.966796875
2021-09-21,9.760000228881836,15.170000076293945,406.5823974609375
2021-09-22,9.789999961853027,16.84000015258789,410.5484924316406
2021-09-23,9.75,17.139999389648438,415.5365905761719
2021-09-24,9.779999732971191,17.639999389648438,416.2210998535156
2021-09-27,9.770000457763672,17.700000762939453,415.03033447265625
2021-09-28,9.760000228881836,17.040000915527344,406.666748046875
2021-09-29,9.760000228881836,16.010000228881836,407.3511962890625
2021-09-30,9.770000457763672,15.880000114440918,402.3724670410156
2021-10-01,9.789999961853027,16.450000762939453,407.1542663574219
2021-10-04,9.800000190734863,16.09000015258789,401.90362548828125
2021-10-05,9.8100004196167,16.25,406.0854187011719
2021-10-06,9.78499984741211,16.6200008392334,407.7731018066406
2021-10-07,9.800000190734863,16.399999618530273,411.2984924316406
2021-10-08,9.800000190734863,16.209999084472656,410.5484924316406
2021-10-11,9.795000076293945,18.389999389648438,407.57623291015625
2021-10-12,9.8100004196167,18.969999313354492,406.57293701171875
2021-10-13,9.8100004196167,18.920000076293945,408.0356140136719
2021-10-14,9.8100004196167,19.6200008392334,414.8990783691406
2021-10-15,9.8100004196167,19.3799991607666,418.0588073730469
2021-10-18,9.800000190734863,20.850000381469727,419.2965393066406
2021-10-19,9.8100004196167,20.219999313354492,422.5313720703125
2021-10-20,9.8100004196167,21.049999237060547,424.1908874511719
2021-10-21,9.789999961853027,20.989999771118164,425.2973327636719
2021-10-22,9.789999961853027,20.579999923706055,424.856689453125
2021-10-25,9.8100004196167,20.690000534057617,427.1350402832031
2021-10-26,9.819999694824219,19.959999084472656,427.5195007324219
2021-10-27,9.800000190734863,19.25,425.62554931640625
2021-10-28,9.819999694824219,19.90999984741211,429.7322998046875
2021-10-29,9.819999694824219,20.09000015258789,430.604248046875
2021-11-01,9.819999694824219,22.6200008392334,431.34503173828125
2021-11-02,9.819999694824219,22.68000030517578,433.0889587402344
2021-11-03,9.819999694824219,22.959999084472656,435.7330627441406
2021-11-04,9.829999923706055,23.290000915527344,437.7864685058594
2021-11-05,9.819999694824219,22.56999969482422,439.30535888671875
2021-11-08,9.84000015258789,22.739999771118164,439.6805419921875
2021-11-09,9.84000015258789,22.139999389648438,438.22711181640625
2021-11-10,9.829999923706055,20.420000076293945,434.7016906738281
2021-11-11,9.829999923706055,22.969999313354492,434.84234619140625
2021-11-12,9.819999694824219,22.760000228881836,438.1240234375
2021-11-15,9.850000381469727,22.920000076293945,438.2739562988281
2021-11-16,9.859999656677246,21.670000076293945,440.00860595703125
2021-11-17,9.859999656677246,21.1200008392334,438.9397277832031
2021-11-18,9.850000381469727,20.56999969482422,440.43060302734375
2021-11-19,9.850000381469727,20.3700008392334,439.6429443359375
2021-11-22,9.880000114440918,18.75,438.4053039550781
2021-11-23,9.869999885559082,17.809999465942383,438.9867248535156
2021-11-24,9.859999656677246,18.329999923706055,440.1586608886719
2021-11-26,9.859999656677246,18.209999084472656,430.3417663574219
2021-11-29,9.8100004196167,18.43000030517578,435.62060546875
2021-11-30,9.880000114440918,17.200000762939453,427.1445007324219
2021-12-01,9.850000381469727,16.389999389648438,422.40008544921875
2021-12-02,9.829999923706055,16.43000030517578,428.86962890625
2021-12-03,9.84000015258789,15.1899995803833,425.1379089355469
2021-12-06,9.829999923706055,15.720000267028809,430.1730041503906
2021-12-07,9.84000015258789,16.6200008392334,439.0710754394531
2021-12-08,9.84000015258789,16.940000534057617,440.233642578125
2021-12-09,9.84000015258789,15.65999984741211,437.2613830566406
2021-12-10,9.829999923706055,15.010000228881836,441.3775634765625
2021-12-13,9.829999923706055,14.579999923706055,437.46771240234375
2021-12-14,9.829999923706055,14.479999542236328,434.4579772949219
2021-12-15,9.829999923706055,15.15999984741211,441.2463073730469
2021-12-16,9.829999923706055,14.270000457763672,437.35516357421875
2021-12-17,9.829999923706055,14.649999618530273,432.700439453125
2021-12-20,9.819999694824219,14.59000015258789,428.0993957519531
2021-12-21,9.8100004196167,14.970000267028809,435.7020263671875
2021-12-22,9.8100004196167,14.989999771118164,440.0584411621094
2021-12-23,9.789999961853027,15.09000015258789,442.7964782714844
2021-12-27,9.8100004196167,15.390000343322754,449.06304931640625
2021-12-28,9.789999961853027,14.850000381469727,448.6960754394531
2021-12-29,9.789999961853027,14.470000267028809,449.2701110839844
2021-12-30,9.800000190734863,15.949999809265137,448.02801513671875
2021-12-31,9.819999694824219,15.8100004196167,446.8988952636719
2022-01-03,9.819999694824219,15.680000305175781,449.4864807128906
2022-01-04,9.800000190734863,15.050000190734863,449.3359375
2022-01-05,9.829999923706055,14.100000381469727,440.70770263671875
2022-01-06,9.819999694824219,13.779999732971191,440.293701171875
2022-01-07,9.8100004196167,13.739999771118164,438.5529479980469
2022-01-10,9.8100004196167,13.369999885559082,438.0072937011719
2022-01-11,9.819999694824219,13.9399995803833,441.9967346191406
2022-01-12,9.8100004196167,13.859999656677246,443.1917419433594
2022-01-13,9.8100004196167,13.09000015258789,437.0850830078125
2022-01-14,9.8100004196167,13.199999809265137,437.263916015625
2022-01-18,9.8100004196167,12.0600004196167,429.5201416015625
2022-01-19,9.8100004196167,13.710000038146973,425.06024169921875
2022-01-20,9.8100004196167,15.0,420.3556213378906
2022-01-21,9.8100004196167,13.890000343322754,412.103759765625
2022-01-24,9.8100004196167,13.300000190734863,413.8538513183594
2022-01-25,9.789999961853027,12.760000228881836,408.8011169433594
2022-01-26,9.795000076293945,12.579999923706055,407.7754821777344
2022-01-27,9.789999961853027,11.359999656677246,405.7619323730469
2022-01-28,9.800000190734863,11.100000381469727,415.83917236328125
2022-01-31,9.800000190734863,12.479999542236328,423.3288879394531
2022-02-01,9.8100004196167,13.270000457763672,426.1893005371094
2022-02-02,9.8100004196167,12.15999984741211,430.329345703125
2022-02-03,9.800000190734863,11.569999694824219,420.2145080566406
2022-02-04,9.8100004196167,11.890000343322754,422.1904296875
2022-02-07,9.800000190734863,11.720000267028809,420.83538818359375
2022-02-08,9.899999618530273,12.130000114440918,424.2980651855469
2022-02-09,9.90999984741211,12.859999656677246,430.5081481933594
2022-02-10,9.90999984741211,12.390000343322754,422.77374267578125
2022-02-11,9.920000076293945,12.399999618530273,414.43719482421875
2022-02-14,9.920000076293945,12.0,413.0823059082031
2022-02-15,9.930000305175781,12.579999923706055,419.7439880371094
2022-02-16,9.928000450134277,13.079999923706055,420.2145080566406
2022-02-17,9.9399995803833,12.180000305175781,411.2381286621094
2022-02-18,9.930000305175781,11.390000343322754,408.5752868652344
2022-02-22,9.920000076293945,10.260000228881836,404.19061279296875
2022-02-23,9.899999618530273,9.819999694824219,397.02081298828125
2022-02-24,9.880000114440918,10.329999923706055,402.9956359863281
2022-02-25,9.899999618530273,10.670000076293945,411.8873596191406
2022-02-28,9.899999618530273,11.449999809265137,410.8334655761719
2022-03-01,9.899999618530273,11.199999809265137,404.5764465332031
2022-03-02,9.869999885559082,11.579999923706055,412.0190734863281
2022-03-03,9.899999618530273,10.6899995803833,409.9678649902344
2022-03-04,9.899999618530273,10.0,406.636962890625
2022-03-07,9.899999618530273,9.619999885559082,394.6496887207031
2022-03-08,9.880000114440918,9.720000267028809,391.6575622558594
2022-03-09,9.880000114440918,9.869999885559082,402.1582336425781
2022-03-10,9.869999885559082,9.40999984741211,400.3422546386719
2022-03-11,9.875,8.550000190734863,395.2519226074219
2022-03-14,9.875,7.929999828338623,392.3631896972656
2022-03-15,9.850000381469727,8.199999809265137,400.9914855957031
2022-03-16,9.869999885559082,8.569999694824219,409.8831481933594
2022-03-17,9.864999771118164,8.90999984741211,415.0111999511719
2022-03-18,9.880000114440918,9.869999885559082,419.5566711425781
2022-03-21,9.875,9.569999694824219,419.4339599609375
2022-03-22,9.869999885559082,9.720000267028809,424.342041015625
2022-03-23,9.869999885559082,9.369999885559082,418.8771057128906
2022-03-24,9.880000114440918,9.470000267028809,425.1914978027344
2022-03-25,9.880000114440918,9.010000228881836,427.2679138183594
2022-03-28,9.899999618530273,9.25,430.3070983886719
2022-03-29,9.899999618530273,10.140000343322754,435.63037109375
2022-03-30,9.880000114440918,9.770000457763672,432.9404296875
2022-03-31,9.890000343322754,9.449999809265137,426.27691650390625
2022-04-01,9.885000228881836,9.329999923706055,427.4849853515625
2022-04-04,9.899999618530273,9.770000457763672,431.1470642089844
2022-04-05,9.899999618530273,9.119999885559082,425.7010803222656
2022-04-06,9.899999618530273,8.75,421.44439697265625
2022-04-07,9.890000343322754,8.119999885559082,423.56805419921875
2022-04-08,9.880000114440918,7.869999885559082,422.43548583984375
2022-04-11,9.880000114440918,7.71999979019165,415.215087890625
2022-04-12,9.880000114440918,7.480000019073486,413.67657470703125
2022-04-13,9.899999618530273,7.610000133514404,418.4146423339844
2022-04-14,9.890000343322754,7.260000228881836,413.2046203613281
2022-04-18,9.890000343322754,7.130000114440918,413.3746337890625
2022-04-19,9.899999618530273,7.409999847412109,420.04754638671875
2022-04-20,9.890000343322754,6.949999809265137,419.7360534667969
2022-04-21,9.899999618530273,6.599999904632568,413.4595031738281
2022-04-22,9.895000457763672,6.389999866485596,402.1145324707031
2022-04-25,9.899999618530273,6.550000190734863,404.44580078125
2022-04-26,9.899999618530273,6.289999961853027,392.73272705078125
2022-04-27,9.895000457763672,6.150000095367432,393.8370056152344
2022-04-28,9.890000343322754,6.449999809265137,403.78515625
2022-04-29,9.890000343322754,6.119999885559082,388.86297607421875
2022-05-02,9.899999618530273,6.329999923706055,391.2037048339844
2022-05-03,9.890000343322754,6.400000095367432,392.99700927734375
2022-05-04,9.890000343322754,7.139999866485596,404.96490478515625
2022-05-05,9.890000343322754,6.829999923706055,390.5713195800781
2022-05-06,9.880000114440918,6.440000057220459,388.239990234375
2022-05-09,9.880000114440918,5.96999979019165,375.8096008300781
2022-05-10,9.869999885559082,5.25,376.6778869628906
2022-05-11,9.869999885559082,5.489999771118164,370.6940612792969
2022-05-12,9.859999656677246,5.659999847412109,370.3070373535156
2022-05-13,9.869999885559082,6.75,379.1602478027344
2022-05-16,9.869999885559082,6.909999847412109,377.6218566894531
2022-05-17,9.869999885559082,7.050000190734863,385.38958740234375
2022-05-18,9.880000114440918,7.230000019073486,369.8539733886719
2022-05-19,9.869999885559082,7.75,367.5887451171875
2022-05-20,9.869999885559082,7.489999771118164,367.74920654296875
2022-05-23,9.869999885559082,7.269999980926514,374.62982177734375
2022-05-24,9.880000114440918,6.71999979019165,371.7699890136719
2022-05-25,9.880000114440918,7.010000228881836,375.0545654296875
2022-05-26,9.880000114440918,7.139999866485596,382.54864501953125
2022-05-27,9.880000114440918,7.550000190734863,391.9398498535156
2022-05-31,9.880000114440918,7.480000019073486,389.7407531738281
2022-06-01,9.890000343322754,7.050000190734863,386.5882873535156
2022-06-02,9.890000343322754,7.420000076293945,393.9503173828125
2022-06-03,9.890000343322754,6.980000019073486,387.4850158691406
2022-06-06,9.880000114440918,6.860000133514404,388.66485595703125
2022-06-07,9.890000343322754,6.860000133514404,392.3929443359375
2022-06-08,9.890000343322754,6.659999847412109,388.12677001953125
2022-06-09,9.899999618530273,6.110000133514404,378.8960876464844
2022-06-10,9.899999618530273,5.940000057220459,367.9096374511719
2022-06-13,9.880000114440918,5.610000133514404,353.9408264160156
2022-06-14,9.890000343322754,5.925000190734863,352.874267578125
2022-06-15,9.890000343322754,5.940000057220459,357.9049072265625
2022-06-16,9.890000343322754,5.46999979019165,346.0596923828125
2022-06-17,9.890000343322754,5.699999809265137,346.8057556152344
2022-06-21,9.899999618530273,5.71999979019165,355.5361022949219
2022-06-22,9.890000343322754,5.599999904632568,354.89154052734375
2022-06-23,9.890000343322754,5.78000020980835,358.370361328125
2022-06-24,9.899999618530273,6.130000114440918,369.7643127441406
2022-06-27,9.90999984741211,5.929999828338623,368.3519592285156
2022-06-28,9.90999984741211,5.559999942779541,360.82550048828125
2022-06-29,9.90999984741211,5.539999961853027,360.53167724609375
2022-06-30,9.90999984741211,5.269999980926514,357.6025085449219
2022-07-01,9.920000076293945,5.409999847412109,361.384765625
2022-07-05,9.90999984741211,5.840000152587891,362.0672912597656
2022-07-06,9.90999984741211,5.900000095367432,363.2900695800781
2022-07-07,9.90999984741211,6.260000228881836,368.7311096191406
2022-07-08,9.930000305175781,6.190000057220459,368.42779541015625
2022-07-11,9.930000305175781,6.010000228881836,364.2190246582031
2022-07-12,9.9399995803833,6.039999961853027,360.9961242675781
2022-07-13,9.949999809265137,5.949999809265137,359.1001892089844
2022-07-14,9.979999542236328,5.909999847412109,358.2282409667969
2022-07-15,9.979999542236328,6.289999961853027,365.07208251953125
2022-07-18,9.970000267028809,6.349999904632568,362.05780029296875
2022-07-19,9.975000381469727,6.619999885559082,371.8403015136719
2022-07-20,9.970000267028809,6.96999979019165,374.2100830078125
2022-07-21,9.989999771118164,7.039999961853027,378.020751953125
2022-07-22,10.0,6.619999885559082,374.5134582519531
2022-07-25,9.979999542236328,6.460000038146973,374.9684143066406
2022-07-26,9.979999542236328,6.139999866485596,370.53216552734375
2022-07-27,9.979999542236328,6.440000057220459,380.15362548828125
2022-07-28,8.720000267028809,6.300000190734863,384.9216003417969
2022-07-29,8.760000228881836,6.309999942779541,390.533203125
2022-08-01,8.770000457763672,6.360000133514404,389.3768310546875
2022-08-02,8.649999618530273,6.409999847412109,386.80792236328125
2022-08-03,8.680000305175781,8.229999542236328,392.8652038574219
2022-08-04,8.680000305175781,8.229999542236328,392.5997314453125
2022-08-05,8.65999984741211,7.960000038146973,391.9361877441406
2022-08-08,10.0,7.980000019073486,391.4812316894531
2022-08-09,12.399999618530273,7.389999866485596,389.92657470703125
2022-08-10,12.109999656677246,7.809999942779541,398.1166076660156
2022-08-11,11.859999656677246,7.420000076293945,398.1166076660156
2022-08-12,10.859999656677246,7.650000095367432,404.8563232421875
2022-08-15,10.699999809265137,7.619999885559082,406.5247497558594
2022-08-16,10.460000038146973,7.579999923706055,407.3209533691406
2022-08-17,10.369999885559082,6.880000114440918,404.4297180175781
2022-08-18,10.069999694824219,6.679999828338623,405.60516357421875
2022-08-19,8.949999809265137,6.329999923706055,400.15460205078125
2022-08-22,8.220000267028809,6.099999904632568,391.8224182128906
2022-08-23,8.119999885559082,6.170000076293945,390.8745422363281
2022-08-24,8.399999618530273,6.449999809265137,392.125732421875
2022-08-25,8.529999732971191,6.690000057220459,397.66162109375
2022-08-26,9.079999923706055,6.179999828338623,384.20111083984375
2022-08-29,7.800000190734863,6.0,381.66070556640625
2022-08-30,7.050000190734863,5.909999847412109,377.4709167480469
2022-08-31,6.679999828338623,5.920000076293945,374.5987243652344
2022-09-01,6.090000152587891,5.849999904632568,375.7742004394531
2022-09-02,6.099999904632568,5.739999771118164,371.8118591308594
2022-09-06,5.630000114440918,5.650000095367432,370.40899658203125
2022-09-07,6.059999942779541,5.820000171661377,377.06329345703125
2022-09-08,6.869999885559082,6.190000057220459,379.5279541015625
2022-09-09,6.78000020980835,6.329999923706055,385.4239196777344
2022-09-12,6.920000076293945,6.409999847412109,389.5663757324219
2022-09-13,6.599999904632568,5.840000152587891,372.6270446777344
2022-09-14,7.800000190734863,6.170000076293945,374.0489807128906
2022-09-15,8.319999694824219,6.409999847412109,369.80224609375
2022-09-16,6.639999866485596,6.050000190734863,366.98101806640625
2022-09-19,5.739999771118164,6.079999923706055,369.8270263671875
2022-09-20,6.559999942779541,5.889999866485596,365.5819091796875
2022-09-21,6.039999961853027,5.690000057220459,359.204833984375
2022-09-22,5.78000020980835,5.360000133514404,356.1875305175781
2022-09-23,6.429999828338623,5.309999942779541,350.2196044921875
2022-09-26,7.059999942779541,5.079999923706055,346.75506591796875
2022-09-27,7.300000190734863,5.079999923706055,345.8699035644531
2022-09-28,6.769999980926514,5.25,352.6753234863281
2022-09-29,7.460000038146973,4.840000152587891,345.308349609375
2022-09-30,7.869999885559082,4.880000114440918,339.96856689453125
2022-10-03,7.210000038146973,5.130000114440918,348.9442443847656
2022-10-04,7.260000228881836,5.400000095367432,359.7568664550781
2022-10-05,7.630000114440918,5.28000020980835,358.919189453125
2022-10-06,7.949999809265137,5.289999961853027,355.2166748046875
2022-10-07,8.180000305175781,5.010000228881836,345.308349609375
2022-10-10,7.989999771118164,4.96999979019165,342.6717834472656
2022-10-11,7.550000190734863,5.0,340.5016174316406
2022-10-12,7.360000133514404,5.079999923706055,339.37847900390625
2022-10-13,7.119999885559082,5.090000152587891,348.3351135253906
2022-10-14,6.829999923706055,4.809999942779541,340.3969421386719
2022-10-17,6.179999828338623,5.070000171661377,349.1441650390625
2022-10-18,5.230000019073486,5.25,353.24639892578125
2022-10-19,5.039999961853027,4.989999771118164,350.7431945800781
2022-10-20,5.329999923706055,5.010000228881836,347.8020935058594
2022-10-21,4.800000190734863,5.150000095367432,356.2541809082031
2022-10-24,4.880000114440918,5.170000076293945,360.61346435546875
2022-10-25,4.510000228881836,5.659999847412109,366.3719787597656
2022-10-26,4.489999771118164,5.539999961853027,363.6116638183594
2022-10-27,4.019999980926514,5.349999904632568,361.6700439453125
2022-10-28,3.8499999046325684,5.449999809265137,370.27435302734375
2022-10-31,2.9100000858306885,5.440000057220459,367.5997314453125
2022-11-01,2.9800000190734863,5.730000019073486,365.9912109375
2022-11-02,2.509999990463257,5.119999885559082,356.8062744140625
2022-11-03,2.380000114440918,5.360000133514404,353.1322021484375
2022-11-04,2.4600000381469727,5.179999828338623,358.2149353027344
2022-11-07,2.5999999046325684,5.179999828338623,361.6413879394531
2022-11-08,2.640000104904175,5.099999904632568,363.5926513671875
2022-11-09,2.5299999713897705,4.980000019073486,356.10186767578125
2022-11-10,2.549999952316284,5.340000152587891,375.671142578125
2022-11-11,2.759999990463257,5.949999809265137,379.30706787109375
2022-11-14,2.75,5.860000133514404,376.08038330078125
2022-11-15,2.630000114440918,5.849999904632568,379.28802490234375
2022-11-16,2.549999952316284,5.53000020980835,376.39459228515625
2022-11-17,2.549999952316284,5.380000114440918,375.2427978515625
2022-11-18,2.4600000381469727,5.179999828338623,376.9466247558594
2022-11-21,2.4600000381469727,4.869999885559082,375.5759582519531
2022-11-22,2.359999895095825,4.639999866485596,380.6300964355469
2022-11-23,2.4200000762939453,4.659999847412109,383.0286560058594
2022-11-25,2.509999990463257,4.599999904632568,382.9429626464844
2022-11-28,2.5,4.449999809265137,376.8323669433594
2022-11-29,2.3399999141693115,4.559999942779541,376.1850891113281
2022-11-30,2.3399999141693115,4.829999923706055,388.0351867675781
2022-12-01,2.3499999046325684,4.739999771118164,387.7496337890625
2022-12-02,2.1500000953674316,4.699999809265137,387.30224609375
2022-12-05,2.450000047683716,4.53000020980835,380.33502197265625
2022-12-06,2.4100000858306885,4.320000171661377,374.8525390625
2022-12-07,2.390000104904175,4.300000190734863,374.21490478515625
2022-12-08,2.309999942779541,4.400000095367432,377.1464538574219
2022-12-09,2.319999933242798,4.340000152587891,374.3291320800781
2022-12-12,2.359999895095825,4.449999809265137,379.7259216308594
2022-12-13,2.4000000953674316,4.429999828338623,382.6003112792969
2022-12-14,2.119999885559082,4.699999809265137,380.1541748046875
2022-12-15,2.0,4.630000114440918,370.85498046875
2022-12-16,2.130000114440918,4.639999866485596,366.4765319824219
2022-12-19,2.0299999713897705,4.429999828338623,363.3689880371094
2022-12-20,1.8700000047683716,4.570000171661377,363.8662414550781
2022-12-21,2.0399999618530273,4.639999866485596,369.30694580078125
2022-12-22,1.8799999952316284,4.579999923706055,364.0382995605469
2022-12-23,1.7000000476837158,4.610000133514404,366.13238525390625
2022-12-27,1.5299999713897705,4.389999866485596,364.6885681152344
2022-12-28,1.5499999523162842,4.369999885559082,360.15625
2022-12-29,1.4600000381469727,4.590000152587891,366.63916015625
2022-12-30,1.440000057220459,4.610000133514404,365.6734313964844
2023-01-03,1.440000057220459,4.5,364.134033203125
2023-01-04,1.2899999618530273,4.769999980926514,366.94512939453125
2023-01-05,1.149999976158142,4.630000114440918,362.7570495605469
2023-01-06,1.100000023841858,4.619999885559082,371.0758056640625
2023-01-09,1.0499999523162842,4.820000171661377,370.8655090332031
2023-01-10,1.1100000143051147,5.119999885559082,373.46624755859375
2023-01-11,1.1100000143051147,5.150000095367432,378.1898193359375
2023-01-12,1.340000033378601,5.360000133514404,379.5667419433594
2023-01-13,1.6799999475479126,5.440000057220459,381.0393371582031
2023-01-17,1.5099999904632568,5.639999866485596,380.34130859375
2023-01-18,1.4500000476837158,5.559999942779541,374.3364562988281
2023-01-19,1.340000033378601,5.409999847412109,371.6113586425781
2023-01-20,1.2999999523162842,5.670000076293945,378.53411865234375
2023-01-23,1.2799999713897705,5.869999885559082,383.075927734375
2023-01-24,1.25,5.789999961853027,382.664794921875
2023-01-25,1.2100000381469727,5.789999961853027,382.8082275390625
2023-01-26,1.2200000286102295,5.710000038146973,387.01544189453125
2023-01-27,1.2400000095367432,5.940000057220459,387.9046630859375
2023-01-30,1.159999966621399,6.679999828338623,383.0376892089844
2023-01-31,1.25,6.929999828338623,388.6696472167969
2023-02-01,1.2200000286102295,7.380000114440918,392.8003234863281
2023-02-02,1.2200000286102295,7.71999979019165,398.518310546875
2023-02-03,1.5800000429153442,7.460000038146973,394.282470703125
2023-02-06,1.3600000143051147,7.409999847412109,391.872802734375
2023-02-07,1.25,7.380000114440918,396.9979553222656
2023-02-08,1.1699999570846558,7.199999809265137,392.6568908691406
2023-02-09,1.090000033378601,6.889999866485596,389.2529602050781
2023-02-10,1.1299999952316284,6.809999942779541,390.16131591796875
2023-02-13,0.9980000257492065,6.760000228881836,394.7414245605469
2023-02-14,0.8730000257492065,6.739999771118164,394.5597839355469
2023-02-15,0.8899999856948853,7.25,395.8410339355469
2023-02-16,0.8999999761581421,6.980000019073486,390.3907470703125
2023-02-17,0.9409999847412109,6.619999885559082,389.4154357910156
2023-02-21,0.906000018119812,6.420000076293945,381.6034240722656
2023-02-22,0.859000027179718,6.539999961853027,381.0775451660156
2023-02-23,0.8140000104904175,6.550000190734863,383.10467529296875
2023-02-24,0.7620000243186951,6.380000114440918,379.0121154785156
2023-02-27,0.699999988079071,6.420000076293945,380.3031005859375
2023-02-28,0.6949999928474426,6.599999904632568,378.8974609375
2023-03-01,0.6700000166893005,6.440000057220459,377.44403076171875
2023-03-02,0.699999988079071,6.449999809265137,380.3794860839844
2023-03-03,0.7889999747276306,6.71999979019165,386.4800109863281
2023-03-06,0.7919999957084656,6.679999828338623,386.7477722167969
2023-03-07,0.7369999885559082,6.510000228881836,380.81939697265625
2023-03-08,0.7009999752044678,6.46999979019165,381.4409484863281
2023-03-09,0.6800000071525574,6.090000152587891,374.4033203125
2023-03-10,0.6230000257492065,5.579999923706055,369.0009460449219
2023-03-13,0.6050000190734863,5.489999771118164,368.47503662109375
2023-03-14,0.5899999737739563,5.550000190734863,374.56591796875
2023-03-15,0.550000011920929,5.409999847412109,372.2232666015625
2023-03-16,0.5109999775886536,5.449999809265137,378.75408935546875
2023-03-17,0.515999972820282,5.460000038146973,374.3253173828125
2023-03-20,0.49399998784065247,5.21999979019165,377.9247131347656
2023-03-21,0.550000011920929,5.570000171661377,382.8871154785156
2023-03-22,0.5289999842643738,5.559999942779541,376.360107421875
2023-03-23,0.5070000290870667,5.78000020980835,377.3776550292969
2023-03-24,0.5099999904632568,5.739999771118164,379.85406494140625
2023-03-27,0.5130000114440918,5.760000228881836,380.5643005371094
2023-03-28,0.5220000147819519,5.590000152587891,379.71002197265625
2023-03-29,0.5450000166893005,5.75,385.22900390625
2023-03-30,0.5199999809265137,5.71999979019165,387.4846496582031
2023-03-31,0.6639999747276306,6.070000171661377,392.9461364746094
2023-04-03,0.7260000109672546,6.03000020980835,394.4434814453125
2023-04-04,0.777999997138977,5.889999866485596,392.2550354003906
2023-04-05,0.7200000286102295,5.739999771118164,391.2280578613281
2023-04-06,0.7699999809265137,5.75,392.754150390625
2023-04-10,0.8500000238418579,5.909999847412109,393.15728759765625
2023-04-11,0.6389999985694885,5.96999979019165,393.26287841796875
2023-04-12,0.6330000162124634,5.820000171661377,391.6599426269531
2023-04-13,0.6520000100135803,5.860000133514404,396.8622131347656
2023-04-14,0.5,5.920000076293945,395.892822265625
2023-04-17,0.5109999775886536,5.960000038146973,397.31341552734375
2023-04-18,0.6050000190734863,5.980000019073486,397.5724792480469
2023-04-19,0.6179999709129333,6.079999923706055,397.5052795410156
2023-04-20,0.6069999933242798,5.920000076293945,395.33612060546875
2023-04-21,0.5600000023841858,5.940000057220459,395.64324951171875
2023-04-24,0.5680000185966492,5.829999923706055,396.0560302734375
2023-04-25,0.5460000038146973,5.75,389.7690734863281
2023-04-26,0.49900001287460327,5.670000076293945,388.11810302734375
2023-04-27,0.49300000071525574,6.059999942779541,395.8448181152344
2023-04-28,0.4970000088214874,6.230000019073486,399.2234191894531
2023-05-01,0.4830000102519989,5.46999979019165,398.8203125
2023-05-02,0.4449999928474426,4.90500020980835,394.3378601074219
2023-05-03,0.46000000834465027,4.849999904632568,391.6311340332031
2023-05-04,0.4169999957084656,4.894999980926514,388.85723876953125
2023-05-05,0.4390000104904175,5.159999847412109,396.0560302734375
2023-05-08,0.41600000858306885,5.46999979019165,396.1615295410156
2023-05-09,0.41499999165534973,5.409999847412109,394.4242858886719
2023-05-10,0.43299999833106995,5.480000019073486,396.2671203613281
2023-05-11,0.44999998807907104,5.139999866485596,395.5760498046875
2023-05-12,0.4129999876022339,5.019999980926514,395.0577697753906
2023-05-15,0.48500001430511475,4.769999980926514,396.4207458496094
2023-05-16,0.5730000138282776,4.760000228881836,393.7715759277344
2023-05-17,0.5600000023841858,4.960000038146973,398.5515441894531
2023-05-18,0.6100000143051147,5.070000171661377,402.3908996582031
2023-05-19,0.48399999737739563,4.929999828338623,401.80535888671875
2023-05-22,1.0199999809265137,5.260000228881836,401.9685363769531
2023-05-23,1.0099999904632568,5.289999961853027,397.4573059082031
2023-05-24,1.100000023841858,5.309999942779541,394.57781982421875
2023-05-25,1.25,5.210000038146973,397.99481201171875
2023-05-26,1.6699999570846558,5.409999847412109,403.149169921875
2023-05-30,1.409999966621399,6.03000020980835,403.30267333984375
2023-05-31,1.2599999904632568,6.940000057220459,401.0663146972656
2023-06-01,1.5099999904632568,6.820000171661377,404.8768005371094
2023-06-02,1.5299999713897705,7.03000020980835,410.7318115234375
2023-06-05,1.7699999809265137,7.25,409.9447326660156
2023-06-06,2.25,7.650000095367432,410.8374328613281
2023-06-07,2.069999933242798,7.739999771118164,409.4168395996094
2023-06-08,2.2699999809265137,8.119999885559082,411.89324951171875
2023-06-09,2.259999990463257,8.180000305175781,412.6322937011719
2023-06-12,2.1500000953674316,9.15999984741211,416.3756408691406
2023-06-13,2.0899999141693115,9.539999961853027,419.12078857421875
2023-06-14,1.9299999475479126,9.739999771118164,419.619873046875
2023-06-15,2.0,9.550000190734863,424.8221740722656
2023-06-16,1.8799999952316284,8.600000381469727,423.3751220703125
2023-06-20,1.8600000143051147,8.59000015258789,421.1785888671875
2023-06-21,1.659999966621399,8.630000114440918,419.0205993652344
2023-06-22,1.5800000429153442,8.489999771118164,420.5331726074219
2023-06-23,1.6299999952316284,8.279999732971191,417.3538818359375
2023-06-26,1.8200000524520874,8.199999809265137,415.64874267578125
2023-06-27,2.0,8.640000343322754,420.20556640625
2023-06-28,2.25,8.869999885559082,420.41754150390625
2023-06-29,2.059999942779541,8.710000038146973,422.0745544433594
2023-06-30,2.0899999141693115,8.34000015258789,427.0553283691406
2023-07-03,2.130000114440918,8.520000457763672,427.5466613769531
2023-07-05,2.200000047683716,8.380000114440918,426.9108581542969
2023-07-06,1.9800000190734863,8.100000381469727,423.56781005859375
2023-07-07,1.8600000143051147,8.050000190734863,422.4984436035156
2023-07-10,1.940000057220459,8.710000038146973,423.56781005859375
2023-07-11,1.9700000286102295,9.069999694824219,426.2652893066406
2023-07-12,1.9700000286102295,9.199999809265137,429.69500732421875
2023-07-13,2.630000114440918,9.15999984741211,433.10546875
2023-07-14,2.200000047683716,9.079999923706055,432.8357238769531
2023-07-17,2.569999933242798,9.479999542236328,434.3385925292969
2023-07-18,2.890000104904175,9.569999694824219,437.5660095214844
2023-07-19,2.9100000858306885,9.850000381469727,438.5390319824219
2023-07-20,2.75,9.569999694824219,435.6295471191406
2023-07-21,2.4100000858306885,9.430000305175781,435.6295471191406
2023-07-24,2.380000114440918,9.449999809265137,437.57568359375
2023-07-25,2.2699999809265137,9.329999923706055,438.7702941894531
2023-07-26,2.109999895095825,9.520000457763672,438.837646484375
2023-07-27,1.909999966621399,9.09000015258789,435.9283142089844
2023-07-28,2.0999999046325684,9.550000190734863,440.1961364746094
2023-07-31,2.0999999046325684,11.449999809265137,441.03424072265625
2023-08-01,2.700000047683716,10.350000381469727,439.772216796875
2023-08-02,2.25,10.079999923706055,433.6546630859375
2023-08-03,2.069999933242798,10.050000190734863,432.4118347167969
2023-08-04,1.940000057220459,9.5,430.4561767578125
2023-08-07,1.850000023841858,9.390000343322754,434.21337890625
2023-08-08,1.7599999904632568,9.3100004196167,432.32513427734375
2023-08-09,1.690000057220459,8.989999771118164,429.43499755859375
2023-08-10,1.4800000190734863,8.720000267028809,429.58905029296875
2023-08-11,1.4500000476837158,8.649999618530273,429.3385314941406
2023-08-14,1.590000033378601,8.680000305175781,431.7085266113281
2023-08-15,1.5,8.369999885559082,426.6795959472656
2023-08-16,1.3799999952316284,8.260000228881836,423.548583984375
2023-08-17,1.309999942779541,8.109999656677246,420.3211975097656
2023-08-18,1.3700000047683716,8.220000267028809,420.52349853515625
2023-08-21,1.3799999952316284,8.289999961853027,423.2594909667969
2023-08-22,1.25,8.149999618530273,422.1130676269531
2023-08-23,1.2699999809265137,8.430000305175781,426.8144836425781
2023-08-24,1.1699999570846558,8.119999885559082,420.89923095703125
2023-08-25,1.149999976158142,8.289999961853027,423.86651611328125
2023-08-28,1.100000023841858,8.229999542236328,426.5543518066406
2023-08-29,1.2300000190734863,8.460000038146973,432.72015380859375
2023-08-30,1.190000057220459,8.739999771118164,434.5024108886719
2023-08-31,1.159999966621399,8.65999984741211,433.8665466308594
2023-09-01,1.1200000047683716,8.789999961853027,434.67584228515625
2023-09-05,1.159999966621399,8.75,432.79718017578125
2023-09-06,1.059999942779541,8.539999961853027,429.8876953125
2023-09-07,1.0,8.569999694824219,428.5678405761719
2023-09-08,0.9110000133514404,8.550000190734863,429.2133483886719
2023-09-11,1.0700000524520874,8.899999618530273,432.0361633300781
2023-09-12,0.9879999756813049,9.0,429.6661376953125
2023-09-13,1.059999942779541,8.800000190734863,430.1671447753906
2023-09-14,1.0700000524520874,9.050000190734863,433.87615966796875
2023-09-15,1.0399999618530273,9.069999694824219,428.648681640625
2023-09-18,0.9639999866485596,8.670000076293945,428.9001159667969
2023-09-19,0.9509999752044678,8.619999885559082,428.0106506347656
2023-09-20,0.9240000247955322,8.319999694824219,424.0758361816406
2023-09-21,0.9539999961853027,7.949999809265137,417.0664978027344
2023-09-22,0.9100000262260437,7.539999961853027,416.12872314453125
2023-09-25,0.9670000076293945,7.510000228881836,417.87860107421875
2023-09-26,0.9399999976158142,7.400000095367432,411.7394104003906
2023-09-27,0.9900000095367432,7.599999904632568,411.90374755859375
2023-09-28,0.9700000286102295,7.769999980926514,414.291748046875
2023-09-29,0.9649999737739563,7.989999771118164,413.28631591796875
2023-10-02,0.9729999899864197,7.840000152587891,413.1219787597656
2023-10-03,0.8989999890327454,7.28000020980835,407.59185791015625
2023-10-04,0.8550000190734863,7.46999979019165,410.5599670410156
2023-10-05,0.9070000052452087,7.650000095367432,410.4052734375
2023-10-06,0.9819999933242798,7.989999771118164,415.2779235839844
2023-10-09,1.0199999809265137,8.180000305175781,417.9366455078125
2023-10-10,1.0700000524520874,8.359999656677246,420.11181640625
2023-10-11,0.9810000061988831,8.59000015258789,421.83282470703125
2023-10-12,0.9700000286102295,8.390000343322754,419.2611083984375
2023-10-13,0.9599999785423279,8.119999885559082,417.1728515625
2023-10-16,0.9900000095367432,8.25,421.56207275390625
2023-10-17,0.9409999847412109,8.25,421.54278564453125
2023-10-18,0.8949999809265137,7.769999980926514,415.9256896972656
2023-10-19,0.843999981880188,7.630000114440918,412.2711181640625
2023-10-20,0.7940000295639038,7.369999885559082,407.2051696777344
2023-10-23,0.7749999761581421,7.260000228881836,406.4992980957031
2023-10-24,0.7870000004768372,7.380000114440918,409.5641174316406
2023-10-25,0.6800000071525574,7.079999923706055,403.6859436035156
2023-10-26,0.6579999923706055,6.900000095367432,398.85198974609375
2023-10-27,0.6060000061988831,6.869999885559082,397.0440979003906
2023-10-30,0.6420000195503235,6.940000057220459,401.7911071777344
2023-10-31,0.722000002861023,7.550000190734863,404.314453125
2023-11-01,0.8059999942779541,7.579999923706055,408.6263427734375
2023-11-02,0.9700000286102295,8.170000076293945,416.45745849609375
2023-11-03,0.878000020980835,8.010000228881836,420.2569580078125
2023-11-06,0.7829999923706055,7.489999771118164,421.2237243652344
2023-11-07,0.7870000004768372,7.420000076293945,422.4225769042969
2023-11-08,0.8579999804496765,7.309999942779541,422.7319030761719
2023-11-09,0.7120000123977661,6.849999904632568,419.4351806640625
2023-11-10,0.7200000286102295,6.940000057220459,425.9803161621094
2023-11-13,0.7260000109672546,7.039999961853027,425.5743103027344
2023-11-14,0.8199999928474426,7.480000019073486,433.8307189941406
2023-11-15,0.8939999938011169,7.369999885559082,434.74920654296875
2023-11-16,0.9139999747276306,6.710000038146973,435.28094482421875
2023-11-17,0.859000027179718,6.829999923706055,435.8223571777344
2023-11-20,0.8759999871253967,6.614999771118164,439.1771240234375
2023-11-21,0.8360000252723694,6.71999979019165,438.22003173828125
2023-11-22,0.7850000262260437,6.900000095367432,439.91192626953125
2023-11-24,0.8600000143051147,6.860000133514404,440.1825256347656
2023-11-27,0.8429999947547913,7.03000020980835,439.38983154296875
2023-11-28,0.828000009059906,7.340000152587891,439.8248291015625
2023-11-29,0.8370000123977661,7.349999904632568,439.51556396484375
2023-11-30,0.8199999928474426,7.289999961853027,441.24609375
2023-12-01,0.9440000057220459,7.829999923706055,443.8564453125
2023-12-04,1.0099999904632568,7.960000038146973,441.5264892578125
2023-12-05,0.9710000157356262,7.989999771118164,441.43939208984375
2023-12-06,1.0299999713897705,7.889999866485596,439.6605529785156
2023-12-07,0.9950000047683716,7.960000038146973,443.0152893066406
2023-12-08,1.0499999523162842,8.130000114440918,444.9198913574219
2023-12-11,1.0,8.069999694824219,446.65045166015625
2023-12-12,0.9300000071525574,7.949999809265137,448.6903991699219
2023-12-13,0.9599999785423279,8.9399995803833,454.8779296875
2023-12-14,1.0199999809265137,9.470000267028809,456.33782958984375
2023-12-15,0.9810000061988831,9.350000381469727,455.5863952636719
2023-12-18,0.972000002861023,9.65999984741211,458.1491394042969
2023-12-19,1.0199999809265137,9.9399995803833,460.93505859375
2023-12-20,0.9399999976158142,9.3100004196167,454.5477600097656
2023-12-21,0.9549999833106995,9.640000343322754,458.85772705078125
2023-12-22,0.9229999780654907,9.710000038146973,459.7799377441406
2023-12-26,0.9679999947547913,9.960000038146973,461.7213134765625
2023-12-27,0.9700000286102295,10.319999694824219,462.55615234375
2023-12-28,0.9330000281333923,10.279999732971191,462.7309265136719
2023-12-29,0.8799999952316284,9.949999809265137,461.3913269042969
2024-01-02,0.8220000267028809,9.649999618530273,458.80926513671875
2024-01-03,0.8399999737739563,8.3100004196167,455.062255859375
2024-01-04,0.8759999871253967,8.420000076293945,453.5964660644531
2024-01-05,0.8209999799728394,8.220000267028809,454.2177429199219
2024-01-08,0.8799999952316284,8.529999732971191,460.7021179199219
2024-01-09,0.8479999899864197,8.319999694824219,460.003173828125
2024-01-10,0.8460000157356262,8.479999542236328,462.60467529296875
2024-01-11,0.7879999876022339,8.170000076293945,462.4008483886719
2024-01-12,0.7599999904632568,7.889999866485596,462.7212219238281
2024-01-16,0.722000002861023,7.71999979019165,461.0224914550781
2024-01-17,0.7080000042915344,7.53000020980835,458.45977783203125
2024-01-18,0.7059999704360962,7.409999847412109,462.5367431640625
2024-01-19,0.6850000023841858,7.489999771118164,468.30279541015625
2024-01-22,0.7829999923706055,7.920000076293945,469.29296875
2024-01-23,0.8109999895095825,7.75,470.66168212890625
2024-01-24,0.7549999952316284,7.559999942779541,471.1761779785156
2024-01-25,0.7179999947547913,7.650000095367432,473.7388000488281
2024-01-26,0.8199999928474426,7.619999885559082,473.13702392578125
2024-01-29,0.8199999928474426,9.15999984741211,476.88397216796875
2024-01-30,0.8820000290870667,8.399999618530273,476.51507568359375
2024-01-31,0.8450000286102295,7.829999923706055,468.7396545410156
2024-02-01,0.9200000166893005,7.730000019073486,474.87457275390625
2024-02-02,0.968999981880188,7.880000114440918,479.873779296875
2024-02-05,0.8830000162124634,7.579999923706055,478.1264343261719
2024-02-06,0.9570000171661377,7.800000190734863,479.5146179199219
2024-02-07,0.9599999785423279,7.659999847412109,483.5139465332031
2024-02-08,0.9300000071525574,8.079999923706055,483.7275390625
2024-02-09,1.090000033378601,8.130000114440918,486.523193359375
2024-02-12,1.350000023841858,8.329999923706055,486.30963134765625
2024-02-13,1.440000057220459,8.020000457763672,479.6116638183594
2024-02-14,1.850000023841858,8.420000076293945,483.97015380859375
2024-02-15,1.9800000190734863,8.529999732971191,487.3094482421875
2024-02-16,1.7400000095367432,8.359999656677246,484.8826599121094
2024-02-20,2.049999952316284,8.510000228881836,482.2132263183594
2024-02-21,1.8200000524520874,8.109999656677246,482.6500244140625
2024-02-22,1.8899999856948853,8.15999984741211,492.6387023925781
2024-02-23,1.7899999618530273,8.170000076293945,492.97845458984375
2024-02-26,1.899999976158142,8.539999961853027,491.1728820800781
2024-02-27,1.8799999952316284,9.149999618530273,492.0853271484375
2024-02-28,1.9900000095367432,8.859999656677246,491.43499755859375
2024-02-29,1.850000023841858,8.979999542236328,493.2016296386719
2024-03-01,1.7200000286102295,8.989999771118164,497.8320007324219
2024-03-04,1.4299999475479126,8.579999923706055,497.2981262207031
2024-03-05,1.3600000143051147,7.269999980926514,492.32806396484375
2024-03-06,1.600000023841858,7.400000095367432,494.8227844238281
2024-03-07,1.840000033378601,7.46999979019165,499.734619140625
2024-03-08,1.8700000047683716,7.710000038146973,496.735107421875
2024-03-11,1.840000033378601,7.679999828338623,496.3079833984375
2024-03-12,2.2100000381469727,7.480000019073486,501.6469421386719
2024-03-13,2.1700000762939453,7.380000114440918,500.8606872558594
2024-03-14,2.059999942779541,7.050000190734863,499.87054443359375
2024-03-15,2.0799999237060547,7.03000020980835,496.4381103515625
2024-03-18,2.3499999046325684,7.079999923706055,499.3885498046875
2024-03-19,2.1700000762939453,6.920000076293945,502.16363525390625
2024-03-20,2.049999952316284,7.360000133514404,506.8084411621094
2024-03-21,1.899999976158142,7.440000057220459,508.48321533203125
2024-03-22,1.940000057220459,7.300000190734863,507.519287109375
2024-03-25,2.0799999237060547,7.449999809265137,506.1169738769531
2024-03-26,1.9500000476837158,7.199999809265137,505.18218994140625
2024-03-27,2.0999999046325684,7.360000133514404,509.4277648925781
2024-03-28,2.0399999618530273,7.300000190734863,509.330322265625
2024-04-01,1.9900000095367432,7.21999979019165,508.44415283203125
2024-04-02,1.840000033378601,7.199999809265137,505.2114562988281
2024-04-03,1.9700000286102295,7.539999961853027,505.7664489746094
2024-04-04,2.0,7.309999942779541,499.59307861328125
2024-04-05,1.8799999952316284,7.400000095367432,504.8122253417969
2024-04-08,1.850000023841858,7.760000228881836,505.0946044921875
2024-04-09,1.8700000047683716,7.889999866485596,505.6788330078125
2024-04-10,1.8200000524520874,7.559999942779541,500.61541748046875
2024-04-11,1.7100000381469727,7.639999866485596,504.3935241699219
2024-04-12,1.6299999952316284,7.329999923706055,497.43133544921875
2024-04-15,1.5800000429153442,7.119999885559082,491.199462890625
2024-04-16,1.7300000190734863,7.199999809265137,490.3036193847656
2024-04-17,1.6699999570846558,7.159999847412109,487.4018249511719
2024-04-18,1.6699999570846558,7.130000114440918,486.3989562988281
2024-04-19,1.590000033378601,7.110000133514404,482.1534729003906
2024-04-22,1.5099999904632568,7.25,486.59375
2024-04-23,1.5499999523162842,7.579999923706055,492.3678894042969
2024-04-24,1.5199999809265137,7.599999904632568,492.1342468261719
2024-04-25,1.4800000190734863,7.590000152587891,490.2646789550781
2024-04-26,1.440000057220459,7.869999885559082,494.9094543457031
2024-04-29,1.440000057220459,7.045000076293945,496.66204833984375
2024-04-30,1.3700000047683716,6.78000020980835,488.79437255859375
2024-05-01,1.409999966621399,6.920000076293945,487.2071838378906
2024-05-02,1.4500000476837158,6.989999771118164,491.7641906738281
2024-05-03,1.399999976158142,6.960000038146973,497.85980224609375
2024-05-06,1.409999966621399,7.159999847412109,503.0010986328125
2024-05-07,1.3799999952316284,7.059999942779541,503.5560302734375
2024-05-08,1.3600000143051147,7.050000190734863,503.60479736328125
2024-05-09,1.309999942779541,7.059999942779541,506.50653076171875
2024-05-10,1.2999999523162842,6.940000057220459,507.1589660644531
2024-05-13,1.3700000047683716,7.110000133514404,507.22705078125
2024-05-14,1.399999976158142,7.46999979019165,509.5543212890625
2024-05-15,1.3300000429153442,7.269999980926514,515.8641357421875
2024-05-16,1.2899999618530273,7.119999885559082,514.8026733398438
2024-05-17,1.2999999523162842,7.28000020980835,515.542724609375
2024-05-20,1.309999942779541,7.190000057220459,516.1367797851562
2024-05-21,1.2400000095367432,7.079999923706055,517.402587890625
2024-05-22,1.2300000190734863,7.019999980926514,515.9129028320312
2024-05-23,1.1699999570846558,6.829999923706055,512.1444091796875
2024-05-24,1.2200000286102295,6.920000076293945,515.5331420898438
2024-05-28,1.399999976158142,6.889999866485596,515.8933715820312
2024-05-29,1.4199999570846558,6.849999904632568,512.2806396484375
2024-05-30,1.3700000047683716,6.909999847412109,508.8823547363281
2024-05-31,1.350000023841858,6.900000095367432,513.5174560546875
2024-06-03,1.3200000524520874,6.769999980926514,513.93603515625
2024-06-04,1.2899999618530273,6.71999979019165,514.5106201171875
2024-06-05,1.2799999713897705,6.909999847412109,520.6256103515625
2024-06-06,1.2000000476837158,7.079999923706055,520.6159057617188
2024-06-07,1.159999966621399,6.989999771118164,519.9829711914062
2024-06-10,1.2000000476837158,7.03000020980835,521.589599609375
2024-06-11,1.159999966621399,7.0,522.8457641601562
2024-06-12,1.159999966621399,7.070000171661377,527.1399536132812
2024-06-13,1.100000023841858,6.800000190734863,528.2012939453125
2024-06-14,1.1399999856948853,6.460000038146973,528.5225830078125
2024-06-17,1.190000057220459,6.460000038146973,532.7291259765625
2024-06-18,1.159999966621399,6.420000076293945,534.0827026367188
2024-06-20,1.1399999856948853,6.320000171661377,532.6317138671875
2024-06-21,1.159999966621399,6.320000171661377,531.9176025390625
2024-06-24,1.1299999952316284,6.539999961853027,530.1886596679688
2024-06-25,1.090000033378601,6.449999809265137,532.2303466796875
2024-06-26,1.059999942779541,6.460000038146973,532.8945922851562
2024-06-27,1.149999976158142,6.539999961853027,533.734619140625
2024-06-28,1.1399999856948853,6.610000133514404,531.6343383789062
2024-07-01,1.0800000429153442,6.429999828338623,532.728515625
2024-07-02,1.1100000143051147,6.449999809265137,536.3135986328125
2024-07-03,1.100000023841858,6.519999980926514,538.70703125
2024-07-05,1.100000023841858,6.46999979019165,541.8134155273438
2024-07-08,1.2400000095367432,6.349999904632568,542.438720703125
2024-07-09,1.1200000047683716,6.380000114440918,542.966064453125
2024-07-10,1.2200000286102295,6.570000171661377,548.3389282226562
2024-07-11,1.1799999475479126,6.769999980926514,543.6109008789062
2024-07-12,1.2100000381469727,6.96999979019165,547.0396728515625
2024-07-15,1.3300000429153442,7.329999923706055,548.5441284179688
2024-07-16,1.2699999809265137,7.75,551.7970581054688
2024-07-17,1.149999976158142,7.840000152587891,544.0602416992188
2024-07-18,1.0700000524520874,7.53000020980835,539.8792114257812
2024-07-19,1.0199999809265137,7.46999979019165,536.2940063476562
2024-07-22,1.0099999904632568,7.539999961853027,541.8233032226562
2024-07-23,1.0800000429153442,7.429999828338623,540.973388671875
2024-07-24,0.9800000190734863,7.099999904632568,528.7135620117188
2024-07-25,1.0299999713897705,7.269999980926514,525.958740234375
2024-07-26,0.9900000095367432,7.409999847412109,531.8493041992188
2024-07-29,0.9900000095367432,7.329999923706055,532.161865234375
2024-07-30,0.9549999833106995,7.420000076293945,529.4656372070312
2024-07-31,1.0,7.539999961853027,538.072021484375
2024-08-01,0.9660000205039978,7.159999847412109,530.4524536132812
2024-08-02,0.9409999847412109,6.650000095367432,520.5762329101562
2024-08-05,0.8610000014305115,6.539999961853027,505.4151306152344
2024-08-06,0.8700000047683716,6.429999828338623,510.07489013671875
2024-08-07,0.8100000023841858,6.320000171661377,506.66546630859375
2024-08-08,0.800000011920929,6.639999866485596,518.378173828125
2024-08-09,0.8420000076293945,6.639999866485596,520.6640625
2024-08-12,0.8809999823570251,6.480000019073486,520.9376220703125
2024-08-13,0.9480000138282776,6.639999866485596,529.504638671875
2024-08-14,0.8989999890327454,6.610000133514404,531.17529296875
2024-08-15,0.9390000104904175,6.909999847412109,540.2797241210938
2024-08-16,0.9300000071525574,7.0,541.490966796875
2024-08-19,0.9269999861717224,7.460000038146973,546.66845703125
2024-08-20,0.9490000009536743,7.369999885559082,545.7794799804688
2024-08-21,1.0700000524520874,7.300000190734863,547.6551513671875
2024-08-22,1.0700000524520874,7.190000057220459,543.3568725585938
2024-08-23,1.0700000524520874,7.519999980926514,549.1301879882812
2024-08-26,1.0,7.670000076293945,547.8211669921875
2024-08-27,0.9909999966621399,7.769999980926514,548.5733642578125
2024-08-28,0.9520000219345093,7.489999771118164,545.3888549804688
2024-08-29,1.0,8.029999732971191,545.4375610351562
2024-08-30,1.0099999904632568,7.989999771118164,550.6443481445312
2024-09-03,0.9409999847412109,7.53000020980835,539.3126220703125
2024-09-04,0.9290000200271606,7.480000019073486,538.208740234375
2024-09-05,0.921999990940094,7.260000228881836,536.899658203125
2024-09-06,0.8799999952316284,7.010000228881836,527.86376953125
2024-09-09,0.8429999947547913,7.079999923706055,533.773681640625
2024-09-10,0.9359999895095825,7.050000190734863,536.0986938476562
2024-09-11,0.996999979019165,7.309999942779541,541.5984497070312
2024-09-12,1.0,7.460000038146973,546.1604614257812
2024-09-13,1.0099999904632568,7.739999771118164,549.012939453125
2024-09-16,0.9829999804496765,8.0600004196167,549.8237915039062
2024-09-17,0.9980000257492065,8.119999885559082,550.0484619140625
2024-09-18,0.9660000205039978,8.109999656677246,548.4171142578125
2024-09-19,0.9599999785423279,8.1899995803833,557.7754516601562
2024-09-20,0.9269999861717224,8.050000190734863,556.8113403320312
2024-09-23,0.8999999761581421,7.920000076293945,558.2027587890625
2024-09-24,0.9399999976158142,7.829999923706055,559.7999877929688
2024-09-25,0.9520000219345093,7.730000019073486,558.5653076171875
2024-09-26,0.9800000190734863,7.760000228881836,560.77978515625
2024-09-27,1.0299999713897705,7.949999809265137,559.9664306640625
2024-09-30,0.9829999804496765,7.860000133514404,562.21044921875
2024-10-01,0.9200000166893005,7.630000114440918,557.173828125
2024-10-02,0.9179999828338623,7.789999961853027,557.4091186523438
2024-10-03,0.9200000166893005,7.829999923706055,556.389892578125
2024-10-04,1.0,8.390000343322754,561.4461059570312
2024-10-07,0.9599999785423279,8.270000457763672,556.3703002929688
2024-10-08,0.9160000085830688,8.40999984741211,561.6322631835938
2024-10-09,0.9120000004768372,8.59000015258789,565.5223999023438
2024-10-10,0.8930000066757202,8.630000114440918,564.53271484375
2024-10-11,0.9700000286102295,9.010000228881836,567.9132690429688
2024-10-14,1.0099999904632568,10.039999961853027,572.557861328125
2024-10-15,0.9980000257492065,10.180000305175781,568.1092529296875
2024-10-16,1.0399999618530273,10.039999961853027,570.5785522460938
2024-10-17,1.0399999618530273,9.869999885559082,570.62744140625
2024-10-18,1.1699999570846558,10.180000305175781,572.8225708007812
2024-10-21,1.2100000381469727,10.399999618530273,571.8817749023438
2024-10-22,1.2000000476837158,10.579999923706055,571.5780029296875
2024-10-23,1.190000057220459,10.420000076293945,566.3552856445312
2024-10-24,1.1399999856948853,10.930000305175781,567.580078125
2024-10-25,1.0399999618530273,10.989999771118164,567.3840942382812
2024-10-28,1.2000000476837158,11.1899995803833,569.1381225585938
2024-10-29,1.1399999856948853,10.470000267028809,570.0592651367188
2024-10-30,1.1299999952316284,11.220000267028809,568.3346557617188
2024-10-31,1.059999942779541,11.170000076293945,557.1934814453125
2024-11-01,1.0399999618530273,11.039999961853027,559.5452880859375
2024-11-04,0.9990000128746033,10.90999984741211,558.3399047851562
2024-11-05,1.090000033378601,11.420000076293945,565.0912475585938
2024-11-06,1.1299999952316284,11.8100004196167,579.142578125
2024-11-07,1.4600000381469727,11.899999618530273,583.62060546875
2024-11-08,1.600000023841858,13.010000228881836,586.1486206054688
2024-11-11,1.6299999952316284,14.109999656677246,586.707275390625
2024-11-12,1.5399999618530273,13.819999694824219,584.8846435546875
2024-11-13,1.7799999713897705,13.5,585.1687622070312
2024-11-14,1.8700000047683716,13.399999618530273,581.4060668945312
2024-11-15,1.6399999856948853,13.630000114440918,573.9591064453125
2024-11-18,1.440000057220459,13.930000305175781,576.3108520507812
2024-11-19,1.4900000095367432,14.420000076293945,578.4175415039062
2024-11-20,1.6699999570846558,14.670000076293945,578.6134033203125
2024-11-21,1.9700000286102295,15.010000228881836,581.7196655273438
2024-11-22,2.930000066757202,15.600000381469727,583.5226440429688
2024-11-25,2.890000104904175,15.699999809265137,585.5020751953125
2024-11-26,2.700000047683716,15.489999771118164,588.5591430664062
2024-11-27,2.740000009536743,16.1200008392334,586.77587890625
2024-11-29,3.0199999809265137,16.40999984741211,590.4210205078125
2024-12-02,2.759999990463257,15.90999984741211,591.4791259765625
2024-12-03,2.990000009536743,15.880000114440918,591.7534790039062
2024-12-04,2.9700000286102295,16.31999969482422,595.4280395507812
2024-12-05,3.7699999809265137,15.649999618530273,594.4481201171875
2024-12-06,5.059999942779541,16.020000457763672,595.5750732421875
2024-12-09,4.650000095367432,15.569999694824219,592.5079956054688
2024-12-10,4.679999828338623,15.289999961853027,590.6658325195312
2024-12-11,4.119999885559082,15.9399995803833,595.2319946289062
2024-12-12,3.9100000858306885,15.899999618530273,592.1651611328125
2024-12-13,5.0,16.25,592.0474853515625
2024-12-16,7.230000019073486,16.8799991607666,594.5755004882812
2024-12-17,8.399999618530273,16.65999984741211,592.1257934570312
2024-12-18,8.960000038146973,15.239999771118164,574.4784545898438
2024-12-19,6.369999885559082,15.029999732971191,574.302001953125
2024-12-20,6.440000057220459,15.350000381469727,581.199951171875
2024-12-23,8.149999618530273,15.630000114440918,584.680419921875
2024-12-24,7.949999809265137,16.020000457763672,591.1791381835938
2024-12-26,9.899999618530273,16.600000381469727,591.218505859375
2024-12-27,9.90999984741211,15.979999542236328,584.9949340820312
2024-12-30,9.300000190734863,15.630000114440918,578.3192138671875
2024-12-31,8.399999618530273,15.399999618530273,576.2152709960938
2025-01-02,9.609999656677246,14.130000114440918,574.7994995117188
2025-01-03,9.140000343322754,14.84000015258789,581.9865112304688
2025-01-06,10.210000038146973,15.289999961853027,585.3390502929688
2025-01-07,9.550000190734863,14.90999984741211,578.722412109375
2025-01-08,6.099999904632568,14.550000190734863,579.56787109375
2025-01-10,5.769999980926514,14.149999618530273,570.7192993164062
2025-01-13,3.8299999237060547,14.069999694824219,571.6041870117188
2025-01-14,4.730000019073486,14.5,572.3906860351562
2025-01-15,5.789999961853027,15.510000228881836,582.802490234375
2025-01-16,5.809999942779541,16.299999237060547,581.6817016601562
2025-01-17,5.269999980926514,16.5,587.521728515625
2025-01-21,6.289999961853027,17.899999618530273,592.8995971679688
2025-01-22,6.25,17.59000015258789,596.2326049804688
2025-01-23,6.03000020980835,18.030000686645508,599.4868774414062
2025-01-24,6.090000152587891,17.920000076293945,597.7367553710938
2025-01-27,5.579999923706055,16.079999923706055,589.2816162109375
2025-01-28,5.739999771118164,16.170000076293945,594.3449096679688
2025-01-29,5.519999980926514,15.989999771118164,591.6804809570312
2025-01-30,5.639999866485596,16.440000534057617,594.8561401367188
2025-01-31,5.940000057220459,15.779999732971191,591.6903076171875
2025-02-03,5.760000228881836,15.399999618530273,587.70849609375
2025-02-04,5.78000020980835,15.289999961853027,591.6510620117188
2025-02-05,6.260000228881836,15.489999771118164,594.0499267578125
2025-02-06,5.989999771118164,14.800000190734863,596.1146240234375
2025-02-07,5.809999942779541,14.90999984741211,590.6580200195312
2025-02-10,5.829999923706055,15.130000114440918,594.6693725585938
2025-02-11,5.329999923706055,14.829999923706055,595.12158203125
2025-02-12,6.039999961853027,14.770000457763672,593.2044067382812
2025-02-13,6.5,15.1899995803833,599.4671630859375
2025-02-14,6.369999885559082,16.209999084472656,599.4376831054688
2025-02-18,6.039999961853027,16.829999923706055,601.1975708007812
2025-02-19,6.539999961853027,16.18000030517578,602.61328125
2025-02-20,7.389999866485596,15.5600004196167,600.1062622070312
2025-02-21,7.25,14.670000076293945,589.8421020507812
2025-02-24,6.409999847412109,14.359999656677246,587.1578979492188
2025-02-25,5.920000076293945,13.920000076293945,584.2379760742188
2025-02-26,6.139999866485596,14.470000267028809,584.5327758789062
2025-02-27,5.559999942779541,14.069999694824219,575.20263671875
2025-02-28,5.480000019073486,14.470000267028809,584.178955078125
2025-03-03,4.900000095367432,13.569999694824219,573.9442138671875
2025-03-04,5.320000171661377,13.09000015258789,567.1504516601562
2025-03-05,5.599999904632568,13.430000305175781,573.2461547851562
2025-03-06,5.230000019073486,12.449999809265137,563.0703735351562
2025-03-07,5.179999828338623,12.59000015258789,566.2262573242188
2025-03-10,4.630000114440918,11.180000305175781,551.14453125
2025-03-11,5.380000114440918,11.260000228881836,546.5628662109375
2025-03-12,5.820000171661377,11.920000076293945,549.4632568359375
2025-03-13,6.909999847412109,11.390000343322754,542.138671875
2025-03-14,10.149999618530273,12.09000015258789,553.3369750976562
2025-03-17,11.180000305175781,12.319999694824219,557.6038208007812
2025-03-18,10.800000190734863,11.949999809265137,551.5770874023438
2025-03-19,10.600000381469727,12.729999542236328,557.5841674804688
2025-03-20,8.6899995803833,12.640000343322754,555.9718627929688
2025-03-21,8.359999656677246,12.869999885559082,556.1552734375
2025-03-24,8.720000267028809,13.720000267028809,566.1151733398438
2025-03-25,8.779999732971191,13.539999961853027,567.4759521484375
2025-03-26,8.270000457763672,13.069999694824219,560.7013549804688
2025-03-27,8.0600004196167,12.199999809265137,559.2122802734375
2025-03-28,7.579999923706055,11.850000381469727,547.9506225585938
2025-03-31,7.599999904632568,11.630000114440918,551.62890625
2025-04-01,7.420000076293945,11.90999984741211,553.18701171875
2025-04-02,7.340000152587891,12.3100004196167,556.687744140625
2025-04-03,7.159999847412109,10.640000343322754,529.2537841796875
2025-04-04,6.340000152587891,9.569999694824219,498.2696838378906
2025-04-07,6.599999904632568,9.859999656677246,497.3821716308594
2025-04-08,6.21999979019165,9.5,489.591796875
2025-04-09,7.199999809265137,11.390000343322754,541.0084228515625
2025-04-10,7.199999809265137,10.520000457763672,517.3019409179688
2025-04-11,7.25,10.710000038146973,526.531982421875
2025-04-14,7.019999980926514,10.819999694824219,531.6401977539062
2025-04-15,6.920000076293945,10.9399995803833,530.151123046875
2025-04-16,6.440000057220459,10.65999984741211,518.366943359375
2025-04-17,6.420000076293945,10.979999542236328,519.1065063476562
2025-04-21,6.239999771118164,10.6899995803833,506.7503662109375
2025-04-22,6.25,11.270000457763672,519.9348754882812
2025-04-23,7.130000114440918,11.739999771118164,527.9915161132812
2025-04-24,7.349999904632568,12.3100004196167,539.105224609375
2025-04-25,7.53000020980835,12.880000114440918,543.0003662109375
2025-04-28,7.369999885559082,13.199999809265137,543.2073364257812
2025-04-29,7.0,13.270000457763672,546.6293334960938
2025-04-30,6.909999847412109,12.510000228881836,546.84619140625
2025-05-01,6.980000019073486,12.510000228881836,550.7216796875
2025-05-02,7.909999847412109,12.699999809265137,558.8966064453125
2025-05-05,7.28000020980835,12.859999656677246,555.6918334960938
2025-05-06,7.230000019073486,12.729999542236328,551.047119140625
2025-05-07,6.889999866485596,13.010000228881836,553.3645629882812
2025-05-08,10.420000076293945,13.260000228881836,557.2202758789062
2025-05-09,11.09000015258789,13.180000305175781,556.51025390625
2025-05-12,10.720000267028809,14.039999961853027,574.9014892578125
2025-05-13,10.729999542236328,14.289999961853027,578.6981201171875
2025-05-14,11.079999923706055,14.029999732971191,579.437744140625
2025-05-15,11.029999732971191,13.569999694824219,582.2678833007812
2025-05-16,12.25,13.920000076293945,585.9559936523438
2025-05-19,13.149999618530273,13.729999542236328,586.596923828125
2025-05-20,16.559999465942383,13.270000457763672,584.6246948242188
2025-05-21,15.359999656677246,12.800000190734863,574.7733154296875
2025-05-22,19.040000915527344,13.1899995803833,575.0001831054688
2025-05-23,18.799999237060547,13.09000015258789,571.0753173828125
2025-05-27,17.549999237060547,13.390000343322754,582.9483642578125
2025-05-28,17.549999237060547,13.319999694824219,579.5757446289062
2025-05-29,16.270000457763672,13.170000076293945,581.8635864257812
2025-05-30,16.329999923706055,13.300000190734863,581.2127685546875
2025-06-02,17.110000610351562,13.670000076293945,584.4866943359375
2025-06-03,17.68000030517578,13.65999984741211,587.8197631835938
2025-06-04,17.81999969482422,13.460000038146973,587.6619262695312
2025-06-05,16.469999313354492,13.670000076293945,584.8218994140625
2025-06-06,18.6200008392334,14.239999771118164,590.8274536132812
2025-06-09,17.950000762939453,14.100000381469727,591.3599853515625
2025-06-10,16.93000030517578,14.390000343322754,594.7128295898438
2025-06-11,16.530000686645508,15.0600004196167,593.0166625976562
2025-06-12,15.880000114440918,14.899999618530273,595.37353515625
2025-06-13,15.170000076293945,14.09000015258789,588.7171630859375
2025-06-16,16.0,14.899999618530273,594.3182983398438
2025-06-17,15.550000190734863,14.430000305175781,589.2398681640625
2025-06-18,15.710000038146973,15.359999656677246,589.1510009765625
2025-06-20,15.649999618530273,15.199999809265137,587.7673950195312
2025-06-23,14.9399995803833,15.359999656677246,593.5730590820312
2025-06-24,14.970000267028809,15.850000381469727,600.13037109375
2025-06-25,14.180000305175781,16.079999923706055,600.4666137695312
2025-06-26,14.0600004196167,16.770000457763672,605.1646118164062
2025-06-27,14.020000457763672,17.18000030517578,608.1712036132812
2025-06-30,14.640000343322754,18.209999084472656,611.0790405273438
2025-07-01,14.819999694824219,17.639999389648438,610.8812866210938
2025-07-02,15.979999542236328,18.1200008392334,613.650634765625
2025-07-03,16.790000915527344,18.56999969482422,618.4869995117188
2025-07-07,16.760000228881836,19.239999771118164,613.8779907226562
2025-07-08,15.989999771118164,19.950000762939453,613.5418090820312
2025-07-09,16.389999389648438,20.219999313354492,617.2210083007812
2025-07-10,16.010000228881836,20.969999313354492,618.9617309570312
2025-07-11,14.8100004196167,21.200000762939453,616.785888671875
2025-07-14,15.829999923706055,21.329999923706055,617.9627685546875
2025-07-15,16.149999618530273,20.959999084472656,615.3220825195312
2025-07-16,16.90999984741211,21.389999389648438,617.3792114257812
2025-07-17,19.239999771118164,22.09000015258789,621.1573486328125
2025-07-18,18.889999389648438,21.809999465942383,620.7024536132812
2025-07-21,18.389999389648438,21.15999984741211,621.87939453125
2025-07-22,17.59000015258789,20.979999542236328,621.9684448242188
2025-07-23,20.299999237060547,21.559999465942383,627.259765625
2025-07-24,19.760000228881836,21.510000228881836,627.4674072265625
2025-07-25,18.8700008392334,21.200000762939453,630.1181030273438
2025-07-28,18.350000381469727,21.020000457763672,629.9598999023438
2025-07-29,17.670000076293945,22.399999618530273,628.29833984375
2025-07-30,17.059999465942383,21.8700008392334,627.507080078125
2025-07-31,17.190000534057617,22.579999923706055,625.1531372070312
2025-08-01,16.3799991607666,21.229999542236328,614.9066162109375
2025-08-04,17.18000030517578,21.809999465942383,624.2531127929688
2025-08-05,18.299999237060547,21.540000915527344,621.088134765625
2025-08-06,17.579999923706055,21.459999084472656,625.845458984375
2025-08-07,17.170000076293945,22.079999923706055,625.3212280273438
2025-08-08,16.899999618530273,22.100000381469727,630.1972045898438
2025-08-11,17.3700008392334,22.420000076293945,628.9510498046875
2025-08-12,18.510000228881836,23.649999618530273,635.6468505859375
2025-08-13,18.649999618530273,23.809999465942383,637.8228149414062
2025-08-14,18.18000030517578,23.290000915527344,637.882080078125
2025-08-15,17.010000228881836,23.770000457763672,636.388671875
2025-08-18,16.559999465942383,24.229999542236328,636.2501220703125
2025-08-19,15.319999694824219,22.75,632.7984008789062
2025-08-20,15.0600004196167,22.520000457763672,631.1170043945312
2025-08-21,14.8100004196167,23.329999923706055,628.5851440429688
2025-08-22,15.539999961853027,25.020000457763672,638.2381591796875
2025-08-25,15.020000457763672,26.149999618530273,635.4292602539062
2025-08-26,15.449999809265137,25.6200008392334,638.0897827148438
2025-08-27,15.229999542236328,24.959999084472656,639.543701171875
2025-08-28,15.920000076293945,26.040000915527344,641.8085327148438
2025-08-29,15.619999885559082,25.540000915527344,637.9810180664062
2025-09-02,15.850000381469727,24.90999984741211,633.25341796875
2025-09-03,15.300000190734863,24.489999771118164,636.6853637695312
2025-09-04,15.289999961853027,25.3799991607666,642.00634765625
2025-09-05,15.369999885559082,25.600000381469727,640.14697265625
2025-09-08,15.420000076293945,25.959999084472656,641.7195434570312
2025-09-09,16.149999618530273,25.969999313354492,643.203125
2025-09-10,16.040000915527344,25.520000457763672,645.0625
2025-09-11,16.520000457763672,25.959999084472656,650.4231567382812
2025-09-12,17.760000228881836,26.549999237060547,650.2055053710938
2025-09-15,18.31999969482422,27.670000076293945,653.6671752929688
2025-09-16,18.979999542236328,27.420000076293945,652.76708984375
2025-09-17,22.540000915527344,27.139999389648438,651.9561157226562
2025-09-18,24.020000457763672,28.110000610351562,655.0023803710938
2025-09-19,26.8799991607666,29.510000228881836,658.2465209960938
2025-09-22,25.670000076293945,29.809999465942383,661.3606567382812
2025-09-23,27.520000457763672,29.09000015258789,657.7606201171875
2025-09-24,27.719999313354492,28.440000534057617,655.6677856445312
2025-09-25,26.34000015258789,28.1200008392334,652.6429443359375
2025-09-26,26.760000228881836,27.979999542236328,656.3819580078125
2025-09-29,25.309999465942383,27.549999237060547,658.2266845703125
2025-09-30,24.709999084472656,26.420000076293945,660.7061157226562
2025-10-01,25.6299991607666,25.760000228881836,662.95751953125
2025-10-02,29.209999084472656,25.969999313354492,663.7210693359375
2025-10-03,32.70000076293945,25.239999771118164,663.7112426757812
2025-10-06,35.02000045776367,26.360000610351562,666.0914916992188
2025-10-07,35.720001220703125,28.139999389648438,663.6219482421875
2025-10-08,34.25,28.020000457763672,667.5791625976562
2025-10-09,35.06999969482422,28.450000762939453,665.6452026367188
2025-10-10,33.02000045776367,26.190000534057617,647.6542358398438
2025-10-13,40.619998931884766,27.139999389648438,657.5919189453125
2025-10-14,43.060001373291016,27.8700008392334,656.78857421875
2025-10-15,44.779998779296875,28.030000686645508,659.7044067382812
2025-10-16,40.459999084472656,26.600000381469727,655.2117309570312
2025-10-17,38.33000183105469,26.540000915527344,658.9308471679688
2025-10-20,34.400001525878906,28.68000030517578,665.7840576171875
2025-10-21,32.189998626708984,28.75,665.7741088867188
2025-10-22,27.290000915527344,27.190000534057617,662.3128051757812
2025-10-23,31.059999465942383,28.079999923706055,666.2402954101562
2025-10-24,32.650001525878906,29.010000228881836,671.6851806640625
2025-10-27,35.040000915527344,30.0,679.6094970703125
2025-10-28,32.0,31.65999984741211,681.41455078125
2025-10-29,34.2599983215332,30.899999618530273,681.7418823242188
2025-10-30,36.11000061035156,29.030000686645508,674.2439575195312
2025-10-31,37.060001373291016,29.68000030517578,676.4556274414062
2025-11-03,33.09000015258789,30.6299991607666,677.7251586914062
2025-11-04,29.739999771118164,29.3700008392334,669.6917114257812
2025-11-05,31.020000457763672,30.06999969482422,672.0125122070312
2025-11-06,28.389999389648438,27.15999984741211,664.8021850585938
2025-11-07,29.5,28.209999084472656,665.4567260742188
2025-11-10,29.3700008392334,30.540000915527344,675.8407592773438
2025-11-11,28.989999771118164,30.950000762939453,677.3878784179688
2025-11-12,26.399999618530273,32.209999084472656,677.7647705078125
2025-11-13,23.389999389648438,28.389999389648438,666.5179443359375
2025-11-14,23.610000610351562,27.81999969482422,666.408935546875
2025-11-17,22.829999923706055,27.040000915527344,660.2002563476562
2025-11-18,22.93000030517578,26.239999771118164,654.65625
2025-11-19,23.440000534057617,26.719999313354492,657.185302734375
2025-11-20,20.510000228881836,24.90999984741211,647.1683349609375
2025-11-21,20.40999984741211,25.190000534057617,653.6148681640625
2025-11-24,23.110000610351562,27.399999618530273,663.2351684570312
2025-11-25,22.59000015258789,28.329999923706055,669.4734497070312
2025-11-26,22.40999984741211,28.489999771118164,674.09521484375
2025-11-28,22.670000076293945,29.719999313354492,677.7747192382812
2025-12-01,21.420000076293945,29.030000686645508,674.6803588867188
2025-12-02,22.5,29.510000228881836,675.9300537109375
2025-12-03,25.079999923706055,29.06999969482422,678.2706298828125
2025-12-04,28.729999542236328,29.600000381469727,678.7665405273438
2025-12-05,27.0,27.780000686645508,680.0557861328125
2025-12-08,28.440000534057617,27.610000610351562,678.0127563476562
2025-12-09,28.329999923706055,26.829999923706055,677.4275512695312
2025-12-10,26.799999237060547,27.09000015258789,681.92041015625
2025-12-11,27.979999542236328,27.06999969482422,683.5072021484375
2025-12-12,26.100000381469727,27.280000686645508,676.1580810546875
2025-12-15,23.739999771118164,25.81999969482422,675.1365356445312
2025-12-16,25.520000457763672,26.579999923706055,673.2918701171875
2025-12-17,23.799999237060547,25.270000457763672,665.8832397460938
2025-12-18,24.889999389648438,26.290000915527344,670.9114990234375
2025-12-19,26.81999969482422,27.239999771118164,676.9923095703125
2025-12-22,32.189998626708984,27.350000381469727,681.2098388671875
2025-12-23,29.1200008392334,27.190000534057617,684.3233032226562
2025-12-24,27.520000457763672,27.479999542236328,686.7305297851562
2025-12-26,25.290000915527344,27.06999969482422,686.660888671875
2025-12-29,26.149999618530273,26.81999969482422,684.2138671875
2025-12-30,26.25,26.559999465942383,683.3782958984375
2025-12-31,26.149999618530273,26.18000030517578,678.3152465820312
2026-01-02,28.1299991607666,27.459999084472656,679.55859375
2026-01-05,30.639999389648438,29.280000686645508,684.0845947265625
2026-01-06,31.270000457763672,26.979999542236328,688.1529541015625
2026-01-07,30.200000762939453,27.0,685.9347534179688
2026-01-08,29.280000686645508,27.719999313354492,685.8651123046875
2026-01-09,28.110000610351562,27.399999618530273,690.4010009765625
2026-01-12,28.799999237060547,26.600000381469727,691.4852294921875
2026-01-13,28.81999969482422,27.139999389648438,690.1026000976562
2026-01-14,30.149999618530273,26.670000076293945,686.7105712890625
2026-01-15,28.719999313354492,26.440000534057617,688.5806884765625
2026-01-16,28.829999923706055,26.1299991607666,688.0037231445312
2026-01-20,27.040000915527344,25.489999771118164,673.9981689453125
2026-01-21,26.040000915527344,25.639999389648438,681.77685546875
2026-01-22,27.43000030517578,26.09000015258789,685.3379516601562
2026-01-23,25.6299991607666,25.850000381469727,685.5865478515625
2026-01-26,23.75,25.799999237060547,689.068115234375
2026-01-27,24.690000534057617,25.459999084472656,691.8134765625
2026-01-28,24.969999313354492,24.600000381469727,691.7438354492188
2026-01-29,23.219999313354492,24.360000610351562,690.3711547851562
2026-01-30,21.219999313354492,22.809999465942383,688.3121337890625
2026-02-02,20.969999313354492,22.079999923706055,691.73388671875
2026-02-03,21.399999618530273,21.760000228881836,685.885009765625
2026-02-04,20.110000610351562,20.75,682.5626831054688
2026-02-05,17.209999084472656,19.459999084472656,674.0379638671875
2026-02-06,20.719999313354492,20.860000610351562,686.96923828125
2026-02-09,21.209999084472656,21.350000381469727,690.2816162109375
2026-02-10,20.440000534057617,21.18000030517578,688.4613037109375
2026-02-11,19.639999389648438,20.549999237060547,688.3021850585938
2026-02-12,18.81999969482422,19.299999237060547,677.668701171875
2026-02-13,19.670000076293945,19.610000610351562,678.1461181640625
2026-02-17,18.440000534057617,19.510000228881836,679.2402954101562
2026-02-18,19.06999969482422,19.540000915527344,682.662109375
2026-02-19,19.3799991607666,19.299999237060547,680.8616943359375
2026-02-20,18.059999465942383,19.020000457763672,685.7855834960938
2026-02-23,18.049999237060547,18.219999313354492,678.7827758789062
2026-02-24,18.65999984741211,18.65999984741211,683.7164916992188
2026-02-25,19.649999618530273,19.290000915527344,689.4859008789062
2026-02-26,20.139999389648438,19.100000381469727,685.6561889648438
2026-02-27,18.780000686645508,17.760000228881836,682.3637084960938
2026-03-02,18.940000534057617,18.389999389648438,682.7516479492188
2026-03-03,18.239999771118164,18.610000610351562,676.7337036132812
2026-03-04,18.90999984741211,18.700000762939453,681.50830078125
2026-03-05,18.829999923706055,19.25,677.7084350585938
2026-03-06,18.59000015258789,18.899999618530273,668.8256225585938
2026-03-09,19.040000915527344,18.790000915527344,674.6845092773438
2026-03-10,18.760000228881836,18.290000915527344,673.6002807617188
2026-03-11,18.90999984741211,18.530000686645508,672.7548217773438
2026-03-12,17.829999923706055,17.700000762939453,662.5390625
2026-03-13,17.549999237060547,17.760000228881836,658.7890014648438
2026-03-16,17.459999084472656,17.6299991607666,665.493408203125
2026-03-17,17.469999313354492,17.3700008392334,667.2440185546875
2026-03-18,16.489999771118164,17.18000030517578,657.9335327148438
2026-03-19,16.100000381469727,17.079999923706055,656.3121337890625
2026-03-20,15.729999542236328,16.899999618530273,646.9034423828125
2026-03-23,16.309999465942383,17.149999618530273,653.6959228515625
2026-03-24,15.930000305175781,16.700000762939453,651.5015869140625
2026-03-25,16.190000534057617,16.559999465942383,655.1322021484375
2026-03-26,14.649999618530273,15.869999885559082,643.432373046875
2026-03-27,13.899999618530273,15.229999542236328,632.4606323242188
2026-03-30,12.979999542236328,15.149999618530273,630.3460693359375
2026-03-31,14.430000305175781,15.880000114440918,648.6688842773438
2026-04-01,13.699999809265137,15.630000114440918,653.5562744140625
2026-04-02,14.319999694824219,15.850000381469727,654.144775390625
2026-04-06,14.140000343322754,16.270000457763672,657.23681640625
2026-04-07,13.739999771118164,16.110000610351562,657.5260009765625
2026-04-08,14.569999694824219,16.489999771118164,674.27294921875
2026-04-09,13.869999885559082,16.270000457763672,678.162841796875
2026-04-10,14.25,16.219999313354492,677.7140502929688
2026-04-13,14.649999618530273,17.049999237060547,684.3369750976562
2026-04-14,16.969999313354492,17.90999984741211,692.675537109375
2026-04-15,20.809999465942383,18.790000915527344,698.1414184570312
2026-04-16,21.520000457763672,19.030000686645508,699.8569946289062
2026-04-17,21.690000534057617,19.43000030517578,708.3152465820312
2026-04-20,21.65999984741211,19.5,706.8988037109375
2026-04-21,20.360000610351562,18.829999923706055,702.2708129882812
2026-04-22,21.239999771118164,19.059999465942383,709.3825073242188
2026-04-23,19.309999465942383,18.31999969482422,706.6295776367188
2026-04-24,18.489999771118164,18.440000534057617,712.10546875
2026-04-27,18.799999237060547,18.760000228881836,713.332275390625
2026-04-28,18.110000610351562,18.360000610351562,709.8612060546875
2026-04-29,18.270000457763672,15.524999618530273,709.7515258789062
2026-04-30,20.280000686645508,16.100000381469727,716.8132934570312
2026-05-01,20.489999771118164,16.43000030517578,718.7982177734375
2026-05-04,20.920000076293945,16.200000762939453,716.1649780273438
2026-05-05,21.540000915527344,16.020000457763672,721.9102172851562
2026-05-06,23.829999923706055,16.299999237060547,731.9443359375
2026-05-07,21.989999771118164,16.0,729.7001342773438
2026-05-08,22.56999969482422,15.75,735.724609375
2026-05-11,24.030000686645508,16.260000228881836,737.4002685546875
2026-05-12,22.350000381469727,15.899999618530273,736.2831420898438
2026-05-13,21.440000534057617,15.3100004196167,740.4025268554688
2026-05-14,22.1299991607666,16.020000457763672,746.2474975585938
2026-05-15,20.350000381469727,15.609999656677246,737.2706298828125
2026-05-18,19.059999465942383,15.710000038146973,736.751953125
2026-05-19,18.190000534057617,15.229999542236328,731.8446044921875
2026-05-20,19.299999237060547,15.6899995803833,739.3452758789062
2026-05-21,25.739999771118164,15.649999618530273,740.8114624023438
2026-05-22,29.399999618530273,15.619999885559082,743.7239990234375
2026-05-26,27.81999969482422,15.979999542236328,748.6613159179688
2026-05-27,27.479999542236328,16.170000076293945,748.5316162109375
2026-05-28,29.489999771118164,16.969999313354492,752.6609497070312
2026-05-29,30.139999389648438,18.219999313354492,754.5361328125
2026-06-01,29.18000030517578,18.579999923706055,756.5908203125
2026-06-02,29.90999984741211,17.739999771118164,757.6182250976562
2026-06-03,27.549999237060547,16.68000030517578,752.3018798828125
2026-06-04,27.639999389648438,17.149999618530273,755.1445922851562
2026-06-05,23.850000381469727,16.030000686645508,735.65478515625
2026-06-08,25.829999923706055,16.5,737.3204345703125
2026-06-09,23.520000457763672,16.469999313354492,735.1560668945312
2026-06-10,23.25,15.869999885559082,723.56591796875
2026-06-11,23.81999969482422,16.670000076293945,735.8642578125
2026-06-12,23.3700008392334,16.579999923706055,739.843994140625
2026-06-15,26.260000228881836,17.1299991607666,752.890380859375
2026-06-16,23.940000534057617,17.709999084472656,748.4019775390625
2026-06-17,22.920000076293945,17.420000076293945,739.0560302734375
2026-06-18,24.690000534057617,17.90999984741211,746.739990234375
2026-06-22,24.469999313354492,17.100000381469727,744.3900146484375
2026-06-23,25.030000686645508,17.290000915527344,733.5800170898438
2026-06-24,22.979999542236328,17.309999465942383,733.239990234375
2026-06-25,21.90999984741211,17.299999237060547,734.2999877929688
2026-06-26,22.760000228881836,17.8799991607666,728.989990234375
2026-06-29,23.829999923706055,18.190000534057617,741.0
2026-06-30,23.989999771118164,17.93000030517578,746.77001953125
2026-07-01,23.5,18.440000534057617,745.760009765625
2026-07-02,22.530000686645508,18.239999771118164,744.780029296875
